{
  "entities": [
    {
      "name": "Country",
      "displayName": "Country",
      "entityTypeId": 0,
      "entityType": "Entity",
      "description": "",
      "fields": [
        {
          "name": "Name",
          "isPrimaryKey": false,
          "isForeignKey": false,
          "isUnique": false,
          "referenceType": "ManyToOne",
          "sqlType": {
            "name": "NVARCHAR",
            "lengthLimit": 200
          },
          "isRequired": true,
          "displayName": "Name",
          "description": "",
          "isSystemField": false,
          "fieldDisplayType": "Basic",
          "isAttachment": false,
          "isRbacEnabled": false,
          "isModelReserved": false
        },
        {
          "name": "Continent",
          "isPrimaryKey": false,
          "isForeignKey": false,
          "isUnique": false,
          "referenceType": "ManyToOne",
          "sqlType": {
            "name": "NVARCHAR",
            "lengthLimit": 200
          },
          "isRequired": true,
          "displayName": "Continent",
          "description": "",
          "isSystemField": false,
          "fieldDisplayType": "Basic",
          "isAttachment": false,
          "isRbacEnabled": false,
          "isModelReserved": false
        }
      ],
      "isRbacEnabled": false,
      "invalidIdentifiers": [],
      "isModelReserved": false
    },
    {
      "name": "Employees",
      "displayName": "Employees",
      "entityTypeId": 0,
      "entityType": "Entity",
      "description": "",
      "fields": [
        {
          "name": "Name",
          "isPrimaryKey": false,
          "isForeignKey": false,
          "isUnique": false,
          "referenceType": "ManyToOne",
          "sqlType": {
            "name": "NVARCHAR",
            "lengthLimit": 200
          },
          "isRequired": true,
          "displayName": "Name",
          "description": "",
          "isSystemField": false,
          "fieldDisplayType": "Basic",
          "isAttachment": false,
          "isRbacEnabled": false,
          "isModelReserved": false
        },
        {
          "name": "Age",
          "isPrimaryKey": false,
          "isForeignKey": false,
          "isUnique": false,
          "referenceType": "ManyToOne",
          "sqlType": {
            "name": "DECIMAL",
            "lengthLimit": 1000,
            "maxValue": 150,
            "minValue": 1,
            "decimalPrecision": 2
          },
          "isRequired": false,
          "displayName": "Age",
          "description": "",
          "isSystemField": false,
          "fieldDisplayType": "Basic",
          "isAttachment": false,
          "isRbacEnabled": false,
          "isModelReserved": false
        },
        {
          "name": "Continent",
          "isPrimaryKey": false,
          "isForeignKey": false,
          "isUnique": false,
          "referenceType": "ManyToOne",
          "sqlType": {
            "name": "NVARCHAR",
            "lengthLimit": 200
          },
          "isRequired": false,
          "displayName": "Continent",
          "description": "",
          "isSystemField": false,
          "fieldDisplayType": "Basic",
          "isAttachment": false,
          "isRbacEnabled": false,
          "isModelReserved": false
        },
        {
          "name": "Email",
          "isPrimaryKey": false,
          "isForeignKey": false,
          "isUnique": false,
          "referenceType": "ManyToOne",
          "sqlType": {
            "name": "NVARCHAR",
            "lengthLimit": 200
          },
          "isRequired": false,
          "displayName": "Email",
          "description": "",
          "isSystemField": false,
          "fieldDisplayType": "Basic",
          "isAttachment": false,
          "isRbacEnabled": false,
          "isModelReserved": false
        },
        {
          "name": "Country",
          "isPrimaryKey": false,
          "isForeignKey": true,
          "isUnique": false,
          "referenceEntity": {
            "name": "Country",
            "displayName": "Country",
            "entityTypeId": 0,
            "entityType": "Entity",
            "isRbacEnabled": false,
            "invalidIdentifiers": [],
            "isModelReserved": false
          },
          "referenceField": {
            "definition": {
              "name": "Name",
              "isPrimaryKey": false,
              "isForeignKey": false,
              "isUnique": false,
              "referenceType": "ManyToOne",
              "sqlType": {
                "name": "NVARCHAR",
                "lengthLimit": 200
              },
              "isRequired": false,
              "displayName": "Name",
              "isSystemField": false,
              "fieldDisplayType": "Basic",
              "isAttachment": false,
              "isRbacEnabled": false,
              "isModelReserved": false
            }
          },
          "referenceType": "ManyToOne",
          "sqlType": {
            "name": "UNIQUEIDENTIFIER",
            "lengthLimit": 200
          },
          "isRequired": false,
          "displayName": "Country",
          "description": "",
          "isSystemField": false,
          "fieldDisplayType": "Relationship",
          "isAttachment": false,
          "isRbacEnabled": false,
          "isModelReserved": false
        },
        {
          "name": "Photo",
          "isPrimaryKey": false,
          "isForeignKey": true,
          "isUnique": false,
          "referenceEntity": {
            "name": "EntityAttachment",
            "displayName": "EntityAttachment",
            "entityTypeId": 0,
            "entityType": "Entity",
            "isRbacEnabled": false,
            "invalidIdentifiers": [],
            "isModelReserved": false
          },
          "referenceField": {
            "definition": {
              "name": "Name",
              "isPrimaryKey": false,
              "isForeignKey": false,
              "isUnique": false,
              "referenceType": "ManyToOne",
              "sqlType": {
                "name": "NVARCHAR",
                "lengthLimit": 4000
              },
              "isRequired": false,
              "displayName": "Name",
              "isSystemField": false,
              "fieldDisplayType": "Basic",
              "isAttachment": false,
              "isRbacEnabled": false,
              "isModelReserved": false
            }
          },
          "referenceType": "ManyToOne",
          "sqlType": {
            "name": "UNIQUEIDENTIFIER"
          },
          "isRequired": false,
          "displayName": "Photo",
          "description": "",
          "isSystemField": false,
          "fieldDisplayType": "File",
          "isAttachment": false,
          "isRbacEnabled": false,
          "isModelReserved": false
        },
        {
          "name": "JoiningDate",
          "isPrimaryKey": false,
          "isForeignKey": false,
          "isUnique": false,
          "referenceType": "ManyToOne",
          "sqlType": {
            "name": "DATE",
            "lengthLimit": 200
          },
          "isRequired": false,
          "displayName": "JoiningDate",
          "description": "",
          "isSystemField": false,
          "fieldDisplayType": "Basic",
          "isAttachment": false,
          "isRbacEnabled": false,
          "isModelReserved": false
        },
        {
          "name": "Gender",
          "isPrimaryKey": false,
          "isForeignKey": false,
          "isUnique": false,
          "referenceChoiceSet": {
            "name": "Gender",
            "entityTypeId": 1,
            "entityType": "ChoiceSet",
            "isRbacEnabled": false,
            "invalidIdentifiers": [],
            "isModelReserved": false
          },
          "referenceType": "ManyToOne",
          "sqlType": {
            "name": "INT",
            "lengthLimit": 200,
            "maxValue": 1000000000000,
            "minValue": -1000000000000
          },
          "isRequired": false,
          "displayName": "Gender",
          "description": "",
          "isSystemField": false,
          "fieldDisplayType": "ChoiceSetSingle",
          "isAttachment": false,
          "isRbacEnabled": false,
          "isModelReserved": false
        },
        {
          "name": "Skills",
          "isPrimaryKey": false,
          "isForeignKey": false,
          "isUnique": false,
          "referenceChoiceSet": {
            "name": "Skills",
            "entityTypeId": 1,
            "entityType": "ChoiceSet",
            "isRbacEnabled": false,
            "invalidIdentifiers": [],
            "isModelReserved": false
          },
          "referenceType": "ManyToOne",
          "sqlType": {
            "name": "NVARCHAR",
            "lengthLimit": 4000
          },
          "isRequired": false,
          "displayName": "Skills",
          "description": "",
          "isSystemField": false,
          "fieldDisplayType": "ChoiceSetMultiple",
          "isAttachment": false,
          "isRbacEnabled": false,
          "isModelReserved": false
        }
      ],
      "isRbacEnabled": false,
      "invalidIdentifiers": [],
      "isModelReserved": false
    }
  ],
  "choicesets": [
    {
      "name": "Gender",
      "displayName": "Gender",
      "description": "",
      "isModelReserved": false,
      "data": [
        {
          "DisplayName": "Female",
          "Name": "Female",
          "NumberId": 0
        },
        {
          "DisplayName": "Male",
          "Name": "Male",
          "NumberId": 1
        }
      ]
    },
    {
      "name": "Skills",
      "displayName": "Skills",
      "description": "",
      "isModelReserved": false,
      "data": [
        {
          "DisplayName": "Docker",
          "Name": "Docker",
          "NumberId": 1
        },
        {
          "DisplayName": "Java",
          "Name": "Java",
          "NumberId": 2
        },
        {
          "DisplayName": "Javascript",
          "Name": "Javascript",
          "NumberId": 3
        },
        {
          "DisplayName": "Node",
          "Name": "Node",
          "NumberId": 0
        }
      ]
    }
  ]
}