Issue Title,Customer Name,Customer Contact Info,Source,Friction
Network failure,Alpha,555-2939-4444,Phone,5
How to create a list?,Beta,alpha@gmail.com,Email,2
Resource panel too slow,Beta,555-2939-4444,Chat,2
How SKUs work?,Beta,alpha@gmail.com,Phone,2
Unable to see Hint text,Beta,555-2939-4444,Email,1
VB apps are awesome,Beta,alpha@gmail.com,Chat,2
Delays on page load,Alpha,alpha@gmail.com,Phone,2
We need Charts in Apps!,Alpha,555-2939-4444,Email,3
Account is not saving data,Gamma,alpha@gmail.com,Chat,3
Icons are not loading,Delta,alpha@gmail.com,Phone,4
Server is down,Gamma,555-2939-4444,Email,4
Can't log in into system,Delta,alpha@gmail.com,Chat,2
Can't get access to my app,Beta,555-2939-4444,Phone,3
Getting error when accessing app outside of org,Alpha,alpha@gmail.com,Email,1
Errors in console when loading app,Beta,alpha@gmail.com,Chat,1
Data are not loading,Beta,555-2939-4444,Phone,1
Server is down again,Alpha,alpha@gmail.com,Email,2
"Login/password don't work aby more, can't restore",Delta,alpha@gmail.com,Chat,2
App is not loading after sign in,Gamma,555-2939-4444,Phone,5
Server is down,Delta,alpha@gmail.com,Email,5
Can't access some modules of the app,Nano,alpha@gmail.com,Chat,5
Data are not loading,Alpha,555-2939-4444,Phone,5
Performance is terrible,Nano,555-2939-4444,Email,5
